Business Number,URL,Title,Content,Class
1,https://www.monshaat.gov.sa/ar/node/12654,مؤسسة تحول رقمي لتقنية نظم المعلومات,تحول رقمي لتقنية نظم المعلومات. المؤسسة الاولى في منطقة حائل لتعزيز مفهوم التحول الرقمي في المملكة العربية السعودية من خلال تنفيذ انظمة وبرمجيات في أحدث التقنيات وتكنولوجيا المعلومات والذكاء الاصطناعي  بوجود مهندسين ذو مستوى عالي في المجال الرقمي والتقني,حلول تقنية
2,https://www.monshaat.gov.sa/ar/node/12553,شركة حال سيمبلفاي سوليوشنز العربية لتقنية المعلومات,شركة حل لتقديم الخدمات التقنية: نشرالبرامج الجاهزة ،تصميم وبرمجة البرمجيات الخاصة ،التسجيل لتقديم خدمات الحوسبة السحابية,حلول تقنية
3,https://www.monshaat.gov.sa/ar/node/12507,مؤسسة النحل لتقنية المعلومات,مؤسسة النحل لتقنية المعلومات مؤسسة تقنية سعودية تقدم جميع الحلول التقنية متواجدين في الرياض ونخدم جميع مدن المملكة ودول الخليجالخدمات التي نقدمها:-برمجة المواقع الالكترونية وتصميمها تصميم احترافي.-برمجة تطبيقات الجوال وتصميمها تصميم احترافي-ادارة حسابات التواصل الاجتماعي وادارة الحملات الاعلانية الخاصة بها-تصميم فيديو موشن جرافيك- تصميم منشورات مواقع التواصل الاجتماعي-تصميم الهوية البصرية كاملة-كتابة المحتوى (للمواقع الالكترونية - تطبيقات الجوال - منصات التواصل الاجتماعي - ملفات التعريف للشركات)-خدمات الامن السيبراي للشركات-خدمات المدن الذكية-برمجة البرامج الخاصة بالشركات,حلول تقنية
4,https://www.monshaat.gov.sa/ar/node/12364,الجدوى,الجدوى منصة تقنية تقدم منتجات رقمية لدراسة جدوى المشاريع الريادية وتطويرها,حلول تقنية
5,https://www.monshaat.gov.sa/ar/node/12360,مؤسسة ربط المتقدمة لتقنية المعلومات,كيان يعمل على برامج الفوترة الالكترونية السحابية التي تتطابق مع مواصفات هيئة الزكاة والضريبة والجمارك,حلول تقنية
6,https://www.monshaat.gov.sa/ar/node/12350,الحلول الفريدة للتخزين,خدمات التخزين بالطبلية حسب الطلب بعقود مرنة في المدن الرئيسية للمملكة، ومن مزايا الخدمة:درجات حرارة مختلفة للتخزين:التخزين الجاف - التخزين المكيف - التخزين المبرد - التخزين المجمد.مساحات تخزين مرنة:تخزين بالطبلية يبدأ بأعداد منخفضة.عقود مرنة:تتوفر الخدمة بعقود قصيرة المدى أو طويلة المدى حسب حاجة العميل.خدمات تخزين 3PL متكاملة:تشمل جميع العمليات التشغيلية للمستودعات من استلام المنتجات وفحصها وتخزينها وإخراجها عند طلب العميل.خدمات إضافية:نوفر العديد من الخدمات الإضافية مثل توفير الطبليات الخشبية والتغليف المرن ونحوها.أسعار مناسبة:نوفر الخدمة بأسعار مناسبة وتنافسية.مستودعات مرخصة:جميع المستودعات مرخصة حسب التراخيص المطلوبة لطبيعة المواد بالمستودع مثل تراخيص هيئة الغذاء والدواء والدفاع المدني.الانتشار الجغرافي:مساحات التخزين متوفرة في مدن الرياض والدمام وجدة.,خدمات لوجستية (تعبئة وتغليف، نقل وتخزين وتوصيل)
7,https://www.monshaat.gov.sa/ar/node/12331,الفاتورة الإلكترونية,نقدم خدمة الفاتورة الإلكترونية المتوافقة مع شروط ولوئح هيئة الزكاة والدخل، يدعم جميع الأنشطة والقطاعات، يمكن تجربة البرنامج مجانا، نقدم خدمة الدعم الفني و تدريب مجاني للخدمة,حلول تقنية
8,https://www.monshaat.gov.sa/ar/node/12296,مؤسسة رؤى برمجية لتقنية المعلومات,رؤى برمجية توفر لك مجموعة متنوعة من الخدمات والحلول التقنية، المقدمه بأفضل جودة وفي أسرع وقت، لتتناسب مع جميع إحتياجاتك,حلول تقنية
9,https://www.monshaat.gov.sa/ar/node/12287,باقات الخدمات القانونية للمتاجر الالكترونية,باقة المتاجر الإلكترونية: تقدم الباقة خدمات قانونية تضمن استيفاء المتاجر الإلكترونية للمتطلبات النظامية وتطبيق معايير الموثوقية التي تتطلبها وزارة التجارة.,تنظيمية وقانونية
10,https://www.monshaat.gov.sa/ar/node/9601,اوبشنز كورنر,إنشاء وتطوير المتاجر,حلول تقنية
11,https://www.monshaat.gov.sa/ar/node/9587,شركة لقطة عدسة للانتاج الفني,لينس شووت شركة إعلامية متخصصة تختص بتقديم خدمات انتاجية تشمل أعمال التصوير الفوتوغرافي و الفيديوغرافي الاحترافي، بالإضافة إلى الإشراف الكامل على مشاريع الإنتاج لمختلف القطاعات الحكومية والتجارية والصناعية والخدمية.,التسويق الإلكتروني
12,https://www.monshaat.gov.sa/ar/node/9389,تطبيق الخادم الالكتروني,تطبيق الخادم الالكتروني يقدم جميع الخدمات الإلكترونية : أبشر وناجز وصحتي وجميع الخدمات الالكترونية ، بجودة عالية وبيئة عمل احترافية وسعر منافس ، تقدم من قبل خبراء في التقنية ، وعلى مدار الساعة وفي أي مكان وبكل سرية وأمان,حلول تقنية
13,https://www.monshaat.gov.sa/ar/node/9275,شركة منجز لتقنية المعلومات,شركة منجز هي الشركة التي تقف بجانب عملاءها في تنفيذ افكارهم على ارض الواقع باقل التكاليف واعلى معايير الجودة والامان.يميزنا السعر في تنفيذ الاعمال، وسرعة استجابة فريق العمل لدينا لتنفيذ الافكار حسب خطة عملاءنايمكنك مراجعة مشروعك اثناء التنفيذ مباشر وكأنك تعمل مع فريق العملونتميز في اعداد العمل بالشكل الصحيح الذي يمكن لعملاءنا الراحه التامه في معرفة جميع تفاصيل المشروع بالكامل عبر حسابهم في منصة منجز اعمال، ليتمكن عملاءنا من الحصول على المزيد من الوقت للتفكير في الخطة التشغيليه والتسويقيه القادمه لاطلاق المشروع الخاص بهمتفضل بزيارة موقعنا الالكتروني للحصول على الخدمة المناسبه لك - منجز نصنع انجازات,حلول تقنية
14,https://www.monshaat.gov.sa/ar/node/9199,القفزة القادمة لخدمات الدعاية والإعلان,"نقوم في القفزة القادمةبإنتاج العديد من الأعمال عالية الجودة في مجال الإنتاجالمرئينتخصص في انتاج وإخراج الفيديوهات الإعلانية والمخرجات المرئية منذ عام 2014 نعتبر من الجهات المتخصصة في انتاج وخلق مشاهد كاملة باستخدام التقنيات المتطورة في المجال, وإدارة كامل عمليات ما بعد الإنتاج",التسويق الإلكتروني
15,https://www.monshaat.gov.sa/ar/node/9174,منصة نعيم للحجوزات,متخصص في إدارة عمليات مراكز العناية الشخصية (سبا - صالونات التجميل) تشمل نظام حجوزات متطور وإدارة شاملة للمركز إدارياً ومحاسبياً . النظام معتمد من هيئة الزكاة والضريبة والجمارك,حلول تقنية
16,https://www.monshaat.gov.sa/ar/node/9002,شركة بصمات للدعاية و الإعلان,من نحن؟نقوم بدمج الإبداع والتكنولوجيا في سبيل تطوير وبناء مشاريع العملاءنحن وكالة رقمية ذات خدمات متكاملة، طموحنا أن نصبح العلامة التجارية المفضلة أكثر من كوننا علامة تجارية مشهورة.ننشئ في بصمات أنظمة متصلة بتناغم لتنمية الأعمال و بناء علاقة مستدامة بين العلامة التجارية و المستهلكين.هدفنا:تحفيز العملاء والعلامات التجارية على مواجهة المنافسين. هدفنا هو خلق تأثير لا يُنسى يمكن للعالم أن يشعرون به.نستهدف الأشخاص المتميزين فقط ومن يثق في أن الغرض ليس مجرد عرض عمل ولكن أسلوب حياة.أولئك هم الذين يثقون بما يمكننا القيام به وبما يمكننا خلقه معًا.نحن أشجع معا... نحن بصماتخدماتنا:- الإستراتيجيات التسويقية وبناء تجربة للعلامة التجارية- بناء إستراتيجية العلامة التجارية- بناء الإستراتيجية التسويقية والإعلامية-بناء وتطوير العمليات التسويقية-صناعة تجربة العلامة التجارية- إدارة حسابات التواصل الإجتماعي*الخدمات الإبداعية-تصميم وتنفيذ الحملات الإبداعية-تصميم هوية للعلامة التجارية-صناعة وتطوير المحتوى*الشبكات الإجتماعية والعلاقات العامة-التصريحات الصحفية-إدارة السمعة-مشاركة المشاهير-بناء العلاقات مع المؤثرين-تقارير الرصد والمتابعة والتحليل*التحليلات والبيانات-تقارير الرصد والإستماع-تحليلات الحملات الرقمية-بناء منصات المتابعة اللحظية*حجز وشراء وسائل الإعلام-بناء الخطط الإعلامية-الشبكات الاجتماعية-حجز ونشر الإعلانات الرقمية-حجز الإعلانات عبر المؤثرين-شراء الوسائل التقليدية (إعلانات خارجية ،مطارات ، راديو)*التكنولوجيا-تقديم احدث التقنيات الإبداعية-تصاميمUXوUI-تطوير وإدارة المنصات الرقمية-خدمات التحول الرقمي للقطاعين الحكومي والخاص*صناعة الأنشطة والاحداث- إبتكار الاحداث التسويقية-تنظيم وإدارة الفعاليات للعلامة التجارية*المحتوى الرقمي-إنشاء وتطوير المحتوى الرقمي-تطوير المبادرات الإجتماعية-تحسين محركات البحث,التسويق الإلكتروني
17,https://www.monshaat.gov.sa/ar/node/8959,شركة الخدمات الذكية,متخصصون في بناء المنصات الرقمية وإدارة التطبيقات الإلكترونية,حلول تقنية
18,https://www.monshaat.gov.sa/ar/node/8877,منصة صالون,نظام تقني متكامل لإدارة وتشغيل العمليات في الصالونات ومراكز التجميل، ويقدم النظام جملة من الخدمات التي تساهم في الإدارة والتشغيل بكفاءه وجودة عالية بشكل إحترافي مما يعكس على زيادة الأرباح وتحسين أداء الموظفين وتقليل المصاريف والجهد والوقت في الإدارة التنفيذية، وبالإضافة إلى المساعدة في النمو والتوسع مع الوصول إلى عدد أكبر من العملاء بشكل أكثر إحترافية ومهنية.,حلول تقنية
19,https://www.monshaat.gov.sa/ar/node/8557,شركة تقني للإتصالات وتقنية المعلومات,شركة متخصصة في تطوير برامج خدمة العملاء توفير خدمة الواتس آب الآلي للمنشآت الناشئة بسعر مميز,حلول تقنية
20,https://www.monshaat.gov.sa/ar/node/8554,شركة عبدالله وهيبي الوهيبي للمحاماة,المحاماة والإستشارات القانونية والتوثيق والتحكيم وإعداد وصياغة العقود واللوائح والإتفاقيات,تنظيمية وقانونية
21,https://www.monshaat.gov.sa/ar/node/8552,نعيماً,حلول مبتكرة لتنمية أعمال صالونكمنصة نعيماً للأعمال توفر لك حلول تقنية مبتكرة لإدارة العملاء وتنظيم الحجوزات وتسويق الخدمات لتنمية أعمال صالونك وتوفير وقتك,تنظيمية وقانونية
22,https://www.monshaat.gov.sa/ar/node/8550,Fruits 360,".Fruits360 is a BI and analytics SaaS product that integrates with Point of Sale (POS) System and provides with an extensive detailed overview of business data, empowering to instantly extract actionable insights",حلول تقنية
23,https://www.monshaat.gov.sa/ar/node/8549,شركة الرمال البيضاء للسفر والسياحة,موقع حجوزات وعروض للفعاليات و الإيواء السكني,منصات (تطوير المتاجر الإلكترونية وأسواق الكترونية)
24,https://www.monshaat.gov.sa/ar/node/8546,فارماوبكس | PHARMABOX,منصة إلكترونية تسويقية متخصصة بالصيدليات ومتاجر العناية والجمال,حلول تقنية
25,https://www.monshaat.gov.sa/ar/node/8544,مخزن المناخة للتخزين,مخزن المناخة يساعد أصحاب المتاجر الإلكترونية في تجارتهم وذلك عن طريق إستلام المنتجات من التاجر وشحنها أو توصيلها بأفضل صورة ممكنة إلى عميل المتجر الإلكتروني مما يسهل على التاجر عملية البيعونقدم خدمة التوصيل خلال ساعة في المدينة المنورة,خدمات لوجستية (تعبئة وتغليف، نقل وتخزين وتوصيل)
26,https://www.monshaat.gov.sa/ar/node/8515,شركة سمارت فجن للتجارة والتسويق,تحليل نظم المعلومات والمبرمجيات الخاصة و عمل متاجر ومنصات و تطبيقات ذكية وتقديم حلول ذكية وخدمة الدعم الفني والتسويق نيابة عن الغير,حلول تقنية
27,https://www.monshaat.gov.sa/ar/node/8514,تطبيق غراهام,منصة للحجز والطلب بدون أي رسوم إضافية عند الكثير من مزودي الخدمات كالمطاعم والصالونات والمحامين وغيرها الكثير من الخدمات التي تسمح لمزودي الخدمات بتسويق أعمالهم، وتعزيز إيراداتهم وتنظيم عملهم بشكل أكثر إحترافية.,تنظيمية وقانونية
28,https://www.monshaat.gov.sa/ar/node/8513,مؤسسة سهل للتصميم,تصميم المواقع الإلكترونية - تصميم المتاجر الإلكترونية - تصميم الشعارات - تصميم الهويات البصرية - تصميم الموشن جرافيك,منصات (تطوير المتاجر الإلكترونية وأسواق الكترونية)
29,https://www.monshaat.gov.sa/ar/node/8507,شركة متجر واو للتجارة,متجر إلكتروني سعودي مملوك لشركة متجر واو للتجارة (إحدى فروع الشركة العالمية للصناعات الحديثة) ومسجل على منصة معروف برقم 107697 وهو من أكبر المتاجر الإلكترونية بالمملكة العربية السعودية ، ويضم أكثر من (10 ألاف) منتج من مختلف الفئات التي تشمل الإلكترونيات، والإكسسوارات، والمنتجات المنزلية، والساعات، والعطور، وغيرها.متجر واو يعمل كموقع للبيع بالتجزئة من خلال عرض منتجات مميزة للبيع على الموقع. ويقدم متجر واو تجربة تسوق مريحة وآمنة مع إمكانية الدفع عبر الإنترنت، وإمكانية الدفع نقداً عند الإستلام، وإمكانية إرجاع المنتج مجاناً حسب الشروط المعلنة بالموقع.متجر واو يلبي إحتياجات المتسوقين من خلال شحن المنتجات عبر أفضل شركات الشحن لجميع مناطق المملكة العربية السعوديةإنطلاقا من التكنولوجيا الذكية ، تم تصميم كل ما نقوم به لوضع كل السهولة بين يديك مباشرة، مما يتيح لك حرية التسوق في أي وقت ومن أي مكان.,منصات (تطوير المتاجر الإلكترونية وأسواق الكترونية)
30,https://www.monshaat.gov.sa/ar/node/8506,مؤسسة ومضة للإنتاج الإعلامي المرئي والمسموع,تصميم الإعلانات وإنتاج التقارير وتصوير الفعاليات والمناسبات,خدمات لوجستية (تعبئة وتغليف، نقل وتخزين وتوصيل)
31,https://www.monshaat.gov.sa/ar/node/8503,شركة القرار الآمن لتقنية المعلومات,شركة ذات مسئولية محدودة تأسست في 2013 كشركة متخصصة في الأمن السيبراني وذلك من خلال تقديم خدمات مدارة وخدمات سحابية وإستضافة منتجات وخدمات إحترافية.الخدمات: إستضافة للبريد والمواقع وحمايتها وإدارتها - خدمات مشاركة الملفات - خدمات مدارة لمركز المراقبة الأمنية - خدمات الإستجابة للحوادثالمنتجات: منصة الإمتثال للضوابط SCP - منصة تحليل الملفات المشبوهه EagleNest,حلول تقنية
32,https://www.monshaat.gov.sa/ar/node/8501,تطبيق سرور,#تطبيق_سرور هو مجموعة من الفنيين المبدعين، توحدوا تحت شعار واحد لخدمتكم بكل سروربحيث يمكن للعميل طلب أي خدمة من التطبيق وسوف تصله الخدمة بكل سرور,منصات (تطوير المتاجر الإلكترونية وأسواق الكترونية)
33,https://www.monshaat.gov.sa/ar/node/8498,مكتب حاتم سليم للمحاماة,محاماة وإستشارات قانونية وتحكيم تجاري,تنظيمية وقانونية
34,https://www.monshaat.gov.sa/ar/node/8361,شركة المدى العربي لتقنية المعلومات,تصميم مواقع إلكترونية - تصميم برامج ERP - تصميم برامج اوريكالتصميم تطبيقات الجوال,حلول تقنية
35,https://www.monshaat.gov.sa/ar/node/8356,Accurate System,نسعى أن نكون داعمين حقيقيين للمنشآت الصاعدة من خلال تقديم الحلول الشاملة لإدارة الأعمال ERP. ننفذ نظام ERPNext مفتوح المصدر بما يشمل من مهمات المحاسبة وإدارة المبيعات وعلاقات العملاء وإدارة التصنيع وإدارة المشاريع والتهيئة الحقيقية للدخول في التجارة الإلكترونية.ونقدم الخبرات والتجارب العملية للإدارة الفاعلة للشركات,حلول تقنية
36,https://www.monshaat.gov.sa/ar/node/8353,شركة بندر الجابري للخدمات اللوجستية,تعتبر شركة بندر الجابري للخدمات اللوجستية من الشركات الرائده في مجال النقل البري للبضائع داخل وخارج الممكلة العربية السعودية,خدمات لوجستية (تعبئة وتغليف، نقل وتخزين وتوصيل)
37,https://www.monshaat.gov.sa/ar/node/8352,شركة مجموعة أرى المحدودة,وكيل ذهبي لنظام آودو العالمي والذي يوفر ERP نظام متكامل للحسابات والمبيعات والمخازن والمشتريات والرواتب والمتجر الإلكتروني بشكل متكامل,حلول تقنية
38,https://www.monshaat.gov.sa/ar/node/8351,رؤية المستقبل للتصميم,خدمات التصميم والبرمجة للمواقع الإلكترونية وتطبيقات الجوال والتجارة الإلكترونية كما أنها تقدم خدمات التسويق الإلكتروني بأنواعه,حلول تقنية
39,https://www.monshaat.gov.sa/ar/node/8349,شركة الأريب الدولية لتقنية المعلومات,فريق الأريب يضم عدة مستشارين ومطوري نظم بأعلى الكفاءات و بأجود طرق التنفيذ، تقدم الأريب خدمات تقنية المعلومات والحلول التقنية للشركات والمنشآت الحكومية والقطاع الغير ربحي من خلال إستراتيجيات التحول الرقمي، خدماتنا هي تطوير الحضور الرقمي للمنشآت، التسويق الرقمي، الإستشارات التقنية و الإدارية، إدارة المشاريع، تطوير تطبيقات الجوال والمواقع الإلكترونية، خدمات الحوكمة (خدمات تكنولوجيا المعلومات الحكومية)، تطبيق ساس,حلول تقنية
40,https://www.monshaat.gov.sa/ar/node/8347,لوجيكسا (شركة الحلول المرنة للوشاطة),عملنا على بناء منصة توفر حلول التخزين عند الطلب للمنشآت بواسطة شبكتنا من مزودي الخدمة. نحن نقدم تخزين مرن بدون عقود طويلة الأجل أو حد أدنى من أحجام التخزين. توجد لدينا خيارات تخزين مختلفة (جاف، مبرد، مجمد) في مواقع متعددة في أنحاء المملكة العربية السعودية.,خدمات لوجستية (تعبئة وتغليف، نقل وتخزين وتوصيل)
41,https://www.monshaat.gov.sa/ar/node/8344,شركة دعم العربية,"لدى ""دعم"" فريق محترف ومتخصص في تحليل البيانات بشكل عام وتحليل بيانات زوار المواقع/التطبيقات للتجارة الإلكترونية.بإستخدام أحدث الحلول والتقنيات المستخدمة في هذا المجال, تستطيع ""دعم"" تحسين معدل التحويل من الحملات التسويقية وتطوير أداء الموقع.لدى دعم مستشارين في التحليل والتسويق الرقمي متمرسون بمختلف المجالات مثل:- التحليلات الرقمية للمواقع.- التحليلات الرقمية لتطبيقات الجوال.- التتبع المحسن من جوجل انالتيكس “Google Analytics“- الإعلان عن طريق محركات البحث “Google Ads”- الإعلانات الممولة على مواقع التواصل الإجتماعي ""Social Ads""- تحليل أسعار المنافسين ""Price monitoring""وغيرها",حلول تقنية
42,https://www.monshaat.gov.sa/ar/node/8341,شركة ارتباط الحلول لتقنية المعلومات,"تأسست شركة ارتباط الحلول لتقنية المعلومات LINK.sa برغبة مشتركة من رواد أعمال لتكون شركة مختصة في إبتكار حلول تقنية وطنية تلبي متطلبات الأعمال وترتكز على الجودة في تقديم حلول تنافسية, نبتكر من خلال فريق عمل مميز منتجات مصممة خصيصاً للسوق المحلي والعالمي في مختلف المجالات وفي بيئة عمل مساعدة على التطور والإبداع",حلول تقنية
43,https://www.monshaat.gov.sa/ar/node/8338,شركة المونتاج,نحن شركة إنتاج فني إبداعي، نوفر حلول إنتاجية شاملة لعملائنا، مع تميزنا بإمتلاك استديوهات خاصة للتصوير الفني، وتشمل خدماتنا إنتاج الفيديوهات التعريفية والإعلانات التجارية للشركات، والأفلام الوثائقية,التسويق الإلكتروني
44,https://www.monshaat.gov.sa/ar/node/8335,شركة رود للخدمات اللوجستية,‏‏شركة سعودية رائدة في مجال الدعم اللوجستي للمنتجات الغذائية والمستحضرات الطبية والتجميلية.خدماتنا:• خدمة الشحن بالوزن• خدمة الحملات الخاصة مع سائقين مدربين• خدمة الإيجار الشهري مع سائقين مدربين• خدمة التوزيع للجهات الحكومية والقطاع الخاص,خدمات لوجستية (تعبئة وتغليف، نقل وتخزين وتوصيل)
45,https://www.monshaat.gov.sa/ar/node/8332,شركة تطبيق المنصة لتقنية نظم المعلومات,تطبيق المنصة (بلات آب) لتقنية المعلومات هى منشأة سعودية متخصصة في تقديم خدمات متكاملة فى مجال تقنية المعلومات و توفير الحلول المعلوماتية.تفوقنا يأتي من خلال قدرتنا على محاكاة طبيعة عمل كل منشأة على حدة وتقليل الفجوة بين الأقسام المختلفة.التحليل الدقيق للمتطلبات الخاصة بمختلف قطاعات الأعمال في السوق السعودي يقودنا للإستفادة من الخصوصية في تسهيل الإجراءات التي من شأنها تقديم حلول متكاملة لشركائنا.,حلول تقنية
46,https://www.monshaat.gov.sa/ar/node/8330,شركة جي جي سي للإستشارات GGC,شركة إستشارية رائدة بكفاءات سعودية طموحة ومتميزة تنفذ أعمالها الإستشارية في مجالات إدارية متكاملة (البناء المؤسسي والابتكار والجودة والتميز)، تستند الشركة على خبرات متينة مجهزة بأحدث الرؤى والتقنيات، كما تحظى بشبكة من التحالفات العالمية والشراكات الاستراتيجية مع محركات التنمية والمعاهد المعرفية المرموقة. خدمت الشركة قاعدة واسعة من العملاء تزيد عن 25 جهة من القطاع الحكومي والخاص، وتسعى دائماً لضخ الإبتكار والممارسات الإدارية الحديثة لمواكبة المتغيرات في أعمالها اليومية والتأكد من الامتثال لمعايير الجودة.خدمات ومنتجات الشركة:- التفكير التصميمي- تصميم ودراسة الخدمات/ المنتجات- تصميم رحلة العميل- تصميم تجربة المستخدم (UX)- تحسين قابلية الإستخدام (Usability)- التأهيل للحصول على شهادات الجودة- تطوير الخطة الإستراتيجية- تطوير الخطة المالية- تطوير الخطة التسويقية- تطوير الهيكل التنظيمي- تطوير الأوصاف الوظيفية- تطوير النموذج التشغيلي- تطوير إطار الحوكمة- تطوير دليل السياسات العامة- تطوير دليل إجراءات العمل- تطوير الأعمال- تدريب وتأهيل الموظفين مهنياً,تنظيمية وقانونية
47,https://www.monshaat.gov.sa/ar/node/8328,شركة فيرون المحدودة,مؤسسات ووكالات الدعاية والإعلان متخصصة في:- الأبحاث والدراسات الإعلامية والتسويقية- التخطيط الإستراتيجي- حجز المساحات الإعلانية- إدارة الحملات الإعلامية والإعلانية- العلاقات العامة- المحتوى الإبداعي- التسويق والإعلام الرقمي,منصات (تطوير المتاجر الإلكترونية وأسواق الكترونية)
48,https://www.monshaat.gov.sa/ar/node/8326,مجموعة ثمار الاصول للإستشارات المالية,إستشارات مالية - دراسات الجدوى - التنظيم المحاسبي - تأسيس الإدارات المالية - عمل التقارير المالية الدورية - عمل خطة تشغيل,تنظيمية وقانونية
49,https://www.monshaat.gov.sa/ar/node/8316,شركة أرقام السعودية للإتصالات وتقنية المعلومات,جميع أنظمة ERP المالية والموارد البشرية والنظام العقاري وأنظمة المراسلات والدعم التقني والتجارة الإلكترونية .,حلول تقنية
50,https://www.monshaat.gov.sa/ar/node/8313,شركة وان بي اكسبرس,شركة بي وان اكسبرس تقدم لعملائها الخدمات التالية:- إستلام وتخزين وتوصيل وتحصيل الطرود- التخزین (حفظ المخزون)- تسليم الشحنة في ذات الیوم خارج الرياض- تسليم الشحنة في ذات الیوم داخل الرياض- التخزین في درجة الحرارة العادية Palletsا- التخزین في درجة الحرارة العادية Shelves,خدمات لوجستية (تعبئة وتغليف، نقل وتخزين وتوصيل)
51,https://www.monshaat.gov.sa/ar/node/8310,شركة أساسات النظم المتقدمة لتقنية المعلومات,شركة أساسات النظم المتقدمة هي شركة سعودية تعمل على تقديم خدمات تكنولوجيا المعلومات، وحلول التحول الرقمي مثل توفير البنية التحتية للحوسبة السحابية وأنظمة تخطيط موارد الأعمال والفواتير الإلكترونية، وأنظمة التجارة الإلكترونية لمختلف قطاعات الأعمال في المملكة العربية السعودية والسوق الخليجي، تهدف الشركة إلى أن تكون المرجع الأول للمنشآت الصغيرة والمتوسطة والكبيرة التي ترغب في الحصول على هذه الحلول والخدمات المتقدمة لتطوير بيئات عمل ذكية ورقمنة وتسريع نمو أعمالها.,حلول تقنية
52,https://www.monshaat.gov.sa/ar/node/8308,شركة فواصل المحدودة (الطباعة والإعلان),طباعة الإستيكرات والبروشورات، والكروت والكتب، والمجلات واللوحات والهدايا والأختام. جميع أنواع المطبوعات الورقية يتوفر حفر وقص ليزر على جميع الخامات.,منصات (تطوير المتاجر الإلكترونية وأسواق الكترونية)
53,https://www.monshaat.gov.sa/ar/node/8302,مؤسسة شحنة للنقل البري,شحنه هي منصة إلكترونية تربط بين مزودي الخدمة من أفراد أو شركات بالعملاء الطالبين لخدمة نقل الأثاث أو العفش المنزلي بطريقة سهلة ومتكاملة عبر طلب الخدمة من خلال القنوات التابعة للمنصة.خدمات شحنه:نقل العفشنقل الأثاثتوصيل الطرودتوصيل الطلباتالنقل المبرد والمجمد,خدمات لوجستية (تعبئة وتغليف، نقل وتخزين وتوصيل)
54,https://www.monshaat.gov.sa/ar/node/8300,شركة أسعى للاستثمار,تطبيق ومنصة إلكترونية، ومزود خدمة معتمد من وزارة الموارد البشرية والتنمية الاجتماعية لتقديم العمل المرن، ولتقديم حلول تغير شكل التوظيف التقليدي في المملكة العربية السعودية,حلول تقنية
55,https://www.monshaat.gov.sa/ar/node/8258,مصنع الخطوة الأولى للمنتجات الورقية والاكياس الورقية وأدوات التغليف,مصنع الخطوة الأولى لصناعة الاكياس الورقية والخدمات المساندة في التغليفتصميم وتنفيذ كافة أنواع العلب والبوكسات الفاخرةعلب عطورعلب عودعلب بخورعلب الحلاعلب العسلعلب التمورعلب العباياتعلب معطرات المفارشأكياس ورقية فاخرةاستيكرات خاصة بالعطورجميع أنواع المطبوعات الورقية خامة عادية وخامة فاخرة,خدمات لوجستية (تعبئة وتغليف، نقل وتخزين وتوصيل)
56,https://www.monshaat.gov.sa/ar/node/8255,شركة وجن للأمن السيبراني,استقطاب أحدث التقنيات المتوفرة والأفضل والأكثر انتشاراً في العالمالرؤية:الريادة في تقنية المعلومات و التركيز على الأمن السيبراني و الأدلة الجنائية الرقمية,حلول تقنية
57,https://www.monshaat.gov.sa/ar/node/8252,مؤسسة صبا للإنتاج الإعلامي,- استوديو تصوير فوتوغرافي- استوديو صوتياتالخدمات :تصوير فوتوغرافي بكل أنواعه البورتريه و التصوير الدعائي للمنتجات و تصوير الأطفال - خدمة التصوير مع الطباعة - خدمة طباعة الألبومات واللوحات الجداريه - تصوير فديو كليبات - تصوير البرامج الهادفهالصوتيات :تسجيل الشيلات بالأفراح والمناسبات - تسجيل الأوبريتات - تسجيل الزفات,التسويق الإلكتروني
58,https://www.monshaat.gov.sa/ar/node/8238,شركة المطورون و المصممون المحدودة,التسويق الإلكتروني للمتاجر والتطبيقات ومواقع الويب وبرمجة وتصميم تطبيقات الجوال حسب الطلب، والمتاجر الإلكترونية سواء كانت نسخ على الويب أم على الويب بالإضافة للتطبيقات على الأندرويد والأبل والهواوي، وبرامج المخزون والحسابات و برامج الموارد البشرية,حلول تقنية
59,https://www.monshaat.gov.sa/ar/node/8235,قلاري الإبداع لتقنية نظم المعلومات,نحن مؤسسة متخصصة نعمل في مجال التقنية والتصاميم الإبداعية نحول التجارة التقليدية لتجارة تقنية .. عبر تحكم كامل للمنشآت وربطها بمتجر إلكتروني,حلول تقنية
60,https://www.monshaat.gov.sa/ar/node/8233,شركة الريادة العليا التجارية المحدودة,نتميز بالإبتكار وتقديم وتطوير أحدث الوسائل وحلول تقنية المعلومات وتصميم البرامج والتطبيقات.نعمل على توفير وتقديم المنتجات التجارية عالية الجودة وتسويقها بأحدث الحلول التقنية بأسعار تنافسية، من خلال فريق عمل متكامل وقاعدة بيانات متميزة بخبرة عقدين من الزمان، من مدينة الرياض انثقبت أركانها لتسمو رائدة بخدماتها في أرجاء المملكة العربية السعودية ودول مجلس التعاون الخليجي.,حلول تقنية
61,https://www.monshaat.gov.sa/ar/node/8230,مؤسسة راشد عيد الرفاعي للتجارة,تعمل المؤسسة في التجارة ببيع المواد المكتبية وآلات الطباعة والأجهزة,حلول تقنية
62,https://www.monshaat.gov.sa/ar/node/8228,شركة عادل محمد البران وشريكه للمحاماة والإستشارات القانونية,تقديم خدمات المحاماة والإستشارات القانونية,تنظيمية وقانونية
63,https://www.monshaat.gov.sa/ar/node/8227,شركة سلام المتطورة التجارية,نظام محاسبي ونظام تخطيط موارد المنشآت,حلول تقنية
64,https://www.monshaat.gov.sa/ar/node/8226,شركة التخطيط والإحتراف للمقاولات,تنفيذ وتوريد جميع أعمال الكهرباء والتكييف والسباكة الأعمال الكهروميكانيكية وجميع أنواع المكيفات من مركزي ومخفي وسبليت,حلول تقنية
65,https://www.monshaat.gov.sa/ar/node/8224,شركة ملاذ العالمية,تتكون شركة ملاذ العالمية من مجوعة أعمال متنوعة ذات جذور عميقة في المملكة العربية السعودية، يكمن عملنا الأساسي في تقديم الإستشارات الإدارية والمالية في العديد من المجالات، إضافة لقسم التوريدات الطبية في جميع أنحاء المملكة العربية السعودية، ومواكبة للرؤية والتطور قمنا أيضاً بإنشاء قسم خاص لتقنية المعلومات والخدمات الإلكترونية وتصميم وتوفير البرمجيات والأنظمة، بالإضافة إلى تنمية العلامات التجارية الشريكة لنا في المنطقة. تجعلنا من الشبكات القوية والعلاقات الراسخة أيضًا شريكًا قويًا، مما يفتح الأبواب لمن يرغبون في القيام بأعمال تجارية في المنطقة. نمثل بعضًا من العلامات التجارية الرائدة عالميًا ومحليًا، وإن إلتزامنا بدعم شركائنا ومعرفة إحتياجات السوق المحلية هو الدافع وراء نجاحنا. من بداياتنا أنشأنا بنية تحتية واسعة للعمليات والعملاء، وبنينا واحدة من أكبر شبكات العلاقات في المملكة العربية السعودية، وعلى طول الطريق، تراكمت لدينا خبرة متنوعة شاملة في جميع أنحاء المنطقة. ووكلاء معتمدين للعديد من الماركات والمرافق العالمية,تنظيمية وقانونية
66,https://www.monshaat.gov.sa/ar/node/8222,شركة المخازن الذاتية للنقل والتخزين المحدودة,شركة المخازن الذاتية شركة سعودية تأسست في عام 2020 وأنطلقت كأول شركة تخزين ذاتي في المملكة العربية السعودية في الخبر الشمالية.تأسست الشركة على مبدأ توفير المخازن المصرحة بمساحات مختلفة تخدم الأفراد والشركات بعقود مرنة تبدأ من شهرية لسد حاجات السوق في مجال التخزين الذاتي.الهدف الرئيسي من المخازن الذاتية هو مساعدة الأفراد والشركات للحصول على حل مرن من أجل تخزين الأغراض والممتلكات في مكان أمن ذو مساحة مناسبة يمكن الوصول له طول الوقت على مدار الساعة.تطمح شركة المخازن الذاتية أن تكون الخيار الأول للتخزين الذاتي في جميع مدن المملكة العربية السعودية خلال السنوات المقبلة.المواصفات:1. مساحات مختلفة تبدأ من 2 متر في 3 متر وحتى 10 متر في 4 متر2. أسعار مناسبة تبدأ من 600 ريال شهرياً3. عقود مرنة (شهرية، ربع سنوي، نصف سنوي، سنوي)4. مرخصة وجاهزة للإستخدام5. توفر جميع الإشتراطات الحكومية6. مصرحة من هيئة الغذاء والدواء7. مخازن مكيفة بدرجة حرارة من 25-308. يمكنك الحجز والدفع عن طريق الإنترنت9. إمكانية الوصول للمخزن الخاص بك طول 24/710. كاميرات مراقبة ونظام حراسات أمنية 24/711. عربات تحميل12. نظافة الموقع13. نظام التحكم بالدخول14. مساعدة داخل الموقع15. منتجات تغليف متعددة,خدمات لوجستية (تعبئة وتغليف، نقل وتخزين وتوصيل)
67,https://www.monshaat.gov.sa/ar/node/8218,مؤسسة النحل لتقنية المعلومات,متخصصون في برمجة و تطوير المواقع و المتاجر الإلكترونية و تطبيقات الجوال كما نقدم حلول ذكية للحضور والإنصراف. و نقدم خدمات التتبع و الملاحة داخل المنشآت,حلول تقنية
68,https://www.monshaat.gov.sa/ar/node/8215,Make Order,تتيح خدمة Make Order للمطاعم ببناء التطبيق الخاص بها بحيث تستهدف عملائها مباشرة دون الحاجة لوسيط لإستقبال الطلبات.,حلول تقنية
69,https://www.monshaat.gov.sa/ar/node/8213,شركة الحلول الذكية للإستشارات في الإتصالات وتقنية المعلومات,شركة متخصصة قي تقديم حلول تقنية مبنية على تقنية سلسلة الكتل,حلول تقنية
70,https://www.monshaat.gov.sa/ar/node/8211,شركة تيرا للإتصالات وتقنية المعلومات,حرصت الشركة على توفير خدماتها في بناء الأنظمة البرمجية والمواقع الإلكترونية وتقديم خدمات الإستضافة و الحماية، والإستشارات التقنية وتحليل المشاريع، بسواعد وطنية إحترافية للمساهمة في مواكبة العصر التقني الحديث و تأمين بنية أساسية ممتازة وتأهيل وتطوير الأيدي العاملة الوطنية المتخصصة، بهدف بناء مجتمع رقمي آمن و إحترافيمن خدماتنا:- برمجة المواقع والمتاجر الإلكترونية- برمجة التطبيقات- الأمن السيبراني والحماية- إستضافة المواقع- إدارة وتشغيل وصيانه المشاريع التقنية- عمل تصاميم الجرافيك وتصاميم الواجهات- دراسة المشاريع- حملات إعلانية,حلول تقنية
71,https://www.monshaat.gov.sa/ar/node/8204,شركة حاسبات الفلك لتقنية المعلومات,"متخصصون في إستشارات وخدمات تقنية المعلومات ، نقدم لكم في حاسبات الفلك حلول الحوسبة السحابية من (Amazon AWS, Microsoft Azure) وأنظمة البريد الإلكتروني السحابي وبرامج المكتب (Microsoft 365) وخدمات وبرامج الأمن السيبراني وحماية البيانات والنسخ الإحتياطي بالإضافة إلى برامج الرسم الهندسي (Autodesk) والرسم الإبداعي (Adobe). حاسبات الفلك شريكك التقني الذي تحتاجه.",حلول تقنية
72,https://www.monshaat.gov.sa/ar/node/8197,شركة طرود للإتصالات وتقنية المعلومات,أكثر من 25 شركة نقل طرود في منصة واحدة.ربط المتاجر الإلكترونية بشكل مباشر مع:- شركات نقل طرود فوري (توصيل خلال ساعتين)- شركات نقل طرود سريع- شركات نقل طرود عالمي- شركات نقل طرود مبرّد (للمنتجات الصحية والتجميلية والغذائية)- شركات نقل طرود متخصصة في السلع الثمينةجميع أنواع المتاجر الإلكترونية:- برمجة مخصصة- ماجينتو- وورد بريس- أوبن كارت- زد- سلة- شوبيفاي- إيكود,حلول تقنية
73,https://www.monshaat.gov.sa/ar/node/7522,Target Vision,Target Vision هي رؤية مستهدفة لحلول تكنولوجيا المعلومات لتكنولوجيا نظم المعلومات، وهي مزيج ديناميكي لتصميم مواقع الويب وتطبيقات الهاتف المحمول والحلول السحابية وخدمات تنفيذ تخطيط موارد المؤسسات وخدمات الإستشارات التجارية.,حلول تقنية
74,https://www.monshaat.gov.sa/ar/node/7519,صفقات,متجر صفقات هو متجر إلكتروني متخصص في أدوات التعبئة والتغليف.نحن نتعامل مع أفضل شركات الشحن المتوفره والمناسبه لعملائنا لنتآكد من وصول طلبك إليك في الوقت المحدد.في صفحة إنهاء الطلب ستجد تفاصيل طلبك كاملاً.,خدمات لوجستية (تعبئة وتغليف، نقل وتخزين وتوصيل)
75,https://www.monshaat.gov.sa/ar/node/7518,أدوار,تعد شركة أدوار من الشركات الواعده في مجال الخدمات اللوجستية تأسست عام 2013 وأستطاعت في وقت وجيز بناء قاعدة من العملاء بفضل الخدمة المميزه. تدير الشركة الكثير من العقود في القطاع الحكومي والقطاع الخاص في مجال نقل الكوادر البشرية والتخزين ونقل المواد وأعمال الصيانه والتشغيل. تملك الشركة أسطول حديث ومتنوع من المركبات الكبيره والمتوسطة والصغيره بناء علـى نوع العقود المبرمة مع الجهات الأخرى. وقد استطعنا بفضل الله ثم خبراتنا ومهاراتنا في إدارة العمل أن نحقق أداء سريع والنمو من بين الشركات وهذا اتاح لنا الإنتشار الواسع في أنحاء المملكة.,خدمات لوجستية (تعبئة وتغليف، نقل وتخزين وتوصيل)
76,https://www.monshaat.gov.sa/ar/node/7515,وصل التنقية,نفخر في شركة وصل التقنية لنظم المعلومات المحدودة بتقديم آخر ماتوصلت له حلول الأنظمة التقنية بالمملكة العربية السعودية، وذلك من خلال تقديم منتجات وحلول تقنية ذات كفائة وجودة تخدم المنشآت. لقد وضعنا على عاتقنا تقديم الأفضل لعملائنا وشركاء النجاح، وذلك بتطوير وصل التقنية لتصبح أفضل شركة تقدَم الحلول المتكاملة بالمملكة العربية السعودية.ما يميّزنا هو سعينا لخدمة عملائنا وشركائنا بتحقيق رؤيتهم وأفكارهم بشكل واقعي مبني على أسس تقنية حديثة.,حلول تقنية
77,https://www.monshaat.gov.sa/ar/node/7512,رقمنة,رقمنة هي شركة متخصصة في الإستثمار عبر الإنترنت والتجارة الإلكترونية. تأسست لسد الفجوة في مجال صناعة الويب والتجارة الإلكترونية وتطمح لقيادتها إلى مستوى متقدم في المملكة العربية السعودية والدول العربية. بدأت رقمنة وشاركت في الإستثمار والإستحواذ وإدارة متاجر التجارة الإلكترونية ودعم عملائها لتحسين عملياتهم ومبيعاتهم.,حلول تقنية
78,https://www.monshaat.gov.sa/ar/node/7509,وادي الفكرة,فريق عمل سعودي يعمل على صناعة الهوية التجارية وحلول التسويق وتقنية المعلومات بأفكار حديثة وطابع إحترافي قيّم. الريادة في إبداع صناعة التسويق الرقمي وحلول التقنية.,حلول تقنية
79,https://www.monshaat.gov.sa/ar/node/7508,هاند تو هاند,ولاء العميل لدى شركائنا، كما عملنا خلال السنوات الماضية على إعداد الخطط، وتدريب العاملين لدينا على مواكبة التقنيات المتسارعة في قطاع الدعم اللوجستي، وذلك عن طريق تطوير آلية إستلام المنتجات وتسليمها كما تم تطوير آلية التخزين ومتابعة الطلبات وإتمامها، مما أدى إلى تحقيق أهدافنا مع شركائنا في وقت قياس,خدمات لوجستية (تعبئة وتغليف، نقل وتخزين وتوصيل)
80,https://www.monshaat.gov.sa/ar/node/7507,سمسا,تتمثل رؤيتنا في أن نكون مزودًا لخدمات نقل الشحن الجوي والبري والحلول اللوجستية ، بما يتناسب مع إحتياجات عملائنا داخل المملكة العربية السعودية وحول العالم.,خدمات لوجستية (تعبئة وتغليف، نقل وتخزين وتوصيل)
81,https://www.monshaat.gov.sa/ar/node/7504,شقردي,شقردي يربط الناس بالأشياء التي يحبونها من خلال الأكتشاف الشخصي والتسليم عند الطلب بأسعار معقولة. نحن نمكّن شركات الشحن من التفوق، وتمكين الشركات الصغيرة والمتوسطة وبناء شركة متنوعة في الشرق الأوسط وشمال إفريقيا ترحب بالمواهب من جميع الخلفيات.,خدمات لوجستية (تعبئة وتغليف، نقل وتخزين وتوصيل)
82,https://www.monshaat.gov.sa/ar/node/7503,الرائدة للتمويل,لمعرفتنا بحجم تأثير المنشآت الصغيرة والمتوسطة على الاقتصاد بأكمله؛ نحن نهتم بتقديم أفضل الحلول التمويلية الإسلامية لدعم لمشروعك التجاري. أينما كنت في أنحاء المملكة العربية السعودية، نقدم لك الدعم من خلال إحدى الخيارات التمويلية المتعددة؛ للتنمية مشروعك التجاري. بسرعة ومرونة نقدم لمشروعك التجاري التمويل العاجل؛ لتحقق أحلامك، وتنطلق في طريق النجاح!,حلول تمويلية
83,https://www.monshaat.gov.sa/ar/node/7501,لوفان,تمتاز حلولنا التقنية في لوفان أننا ندرس المشكلة من أساسها، ونقدم الحلول المناسبة بعد معالجة احتياجات العميل بأفضل الحلول التقنية وبخبرات عالميه تفهم طبيعة المشكلة وتقدّم لها أفضل الحلول. لوفان اسم عريق في عالم المقاولات في المملكة العربية السعودية وتنطلق ضمن مبادئ ثابتة في خدمة الوطن والمساهمة في دفع عجلة البناء والتطور من خلال الإلتزام بتقديم أفضل الخدمات. تعمل لوفان من خلال علاقاتها الدولية في الإستيراد والتصدير من جميع دول العالم. تسعى لوفان من خلال شركاتها الدولية والمحلية لأصحاب الأعمال والمستثمرين المحليين والدوليين لخلق فرص تمويليه لأصحاب المشاريع.,حلول تقنية
84,https://www.monshaat.gov.sa/ar/node/7500,شركة هنا المستقبل لتقنية المعلومات,شركة سعودية رسمية 100% مقرنا في المملكة العربية السعودية في مدينة الرياض نمتلك خبرة 13 عاماً تجعلنا من أفضل الشركات في مجالات التقنية. متخصصون في (تصميم وبرمجة مواقع الإنترنت، والتطبيقات الذكية، و خدمات الYستضافة والسيرفرات، و التسويق الإلكتروني، والأرشفة، و تصميم الهوية والشعار، و رسائل الـ SMS والتحليل التقني لمواقع الإنترنت والتطبيقات وتطويرها ).,حلول تقنية
85,https://www.monshaat.gov.sa/ar/node/7497,كيان ون | Kayan1,جعل التسوق أكثر متعة وسهولة. التميز بالحصول على خصومات دائمة وثابتة. خفض تكلفة المصروفات السنوية للفرد والأسرة والمجتمع بما يتوافق مع رؤية 2030. دعم المنشآت السعودية والتعريف بها وبمنتجاتها وبما تقدمه من خدمات. فتح باب عمل ودخل إضافي لشباب وشابات الوطن. دعم الجمعيات والمؤسسات الخيرية السعودية الرسمية,التسويق الإلكتروني
86,https://www.monshaat.gov.sa/ar/node/7239,D Cube - دي كيوب,تعتبر شركة دي كيوب من الشركات الرائدة في مجال التسويق الرقمي والإعلان الالكتروني المختصة في صناعة المحتوى التسويقي وتطوير وسائل الإعلام في المملكة العربية السعودية والخليج العربي، تقدم شركة دي كيوب أفضل الحلول التسويقية ما بين تطبيقات الجوال، والمواقع الإلكترونية، وشبكات التواصل الاجتماعي، ومحركات البحث- عن طريق دراسة كل مشروع بشكل خاص لتصميم ما يتناسب مع أفكاره، ولتحقيق الأهداف المرجوة من عملية التسويق الإلكتروني.,حلول تقنية
87,https://www.monshaat.gov.sa/ar/node/7238,Linkers - لنكرز,تتيح منصة Linkers internet of Things - IoT - للشركات الاستفادة من قوة سحابة Linkers لتبسيط التشغيل وإدارة استهلاك الطاقة لفروع مختلفة من موقع مركزي مدعوم من Linkers cloud للمستهلكين.,حلول تقنية
88,https://www.monshaat.gov.sa/ar/node/7237,أي مكان,"تهدف ""أي مكان"" الى تقديم خدمات للوجستيات وإدارة سلسلة التوريد للشركات في منطقة الخليج العربي وذلك لمساعدتها في الوصول إلى أهدافها دون المساس بالعمليات الأساسية للشركة. حيث نتميز بإستخدام أحدث التقنيات التكنولوجية وتقديم أفضل خدمة عملاء، بالإضافة إلى الحلول المخصصة والمتطورة التي نقدمها لعملائنا.",خدمات لوجستية (تعبئة وتغليف، نقل وتخزين وتوصيل)
89,https://www.monshaat.gov.sa/ar/node/7204,مؤسسة سناس للتجارة والمقاولات  DHL,DHL هي العلامة التجارية العالمية الرائدة في صناعة الخدمات اللوجستية. تقدم أقسامنا مجموعة لا مثيل لها من الخدمات اللوجستية التي تتراوح من تسليم الطرود على الصعيدين الوطني والدولي، حلول الشحن والتجارة الإلكترونية، النقل الدولي السريع، النقل البري والجوي والبحري إلى إدارة سلسلة التوريد الصناعية.,خدمات لوجستية (تعبئة وتغليف، نقل وتخزين وتوصيل)
90,https://www.monshaat.gov.sa/ar/node/7201,Hyperpay - هايبر باي,هايبر باي هي بوابة دفع فعَّالة تعمل على إحداث تغيير في تجربة الشراء عبر الإنترنت في منطقة الشرق الأوسط وشمال أفريقيا بالكامل. نمكّن الأعمال عبر الإنترنت من قبول المدفوعات الإلكترونية وإدارتها بمزيد من المرونة والأمان والسهولة. نقدَّم للتجّار في جميع القطاعات مجموعة كاملة من حلول الدفع عبر الإنترنت التي تلبي إحتياجاتهم كافةً. عامًا بعد عام، حقق التجَّار الإلكترونيون لدينا نموًا هائلاً في مبيعاتهم عبر الإنترنت؛ وهذا هو ما يحفّزنا على العمل لتنمية عروضنا وإصداراتنا بإستمرار.,بوابات الدفع الإلكترونية
91,https://www.monshaat.gov.sa/ar/node/7199,PayTabs - بيتابس,بيتابس هي شركة مزودة لحلول الدفع المريحة والآمنة المخصصة للعمليات التجارية بين الشركات والمؤسسات التجارية، تمكن بيتابس المشاريع الصغيرة والمتوسطة المتنامية وسوق التجارة الإلكترونية و أيضاً الشركات الكبيرة من خلال تزويدهم بمجموعة من حلول الدفع الشاملة، باستخدام خدماتنا يمكنك تلقي المدفوعات عبر الإنترنت وإنتاج وإرسال الفواتير عبر الإنترنت واستخدام الإضافات في واجهة تطبيق البرنامج لدمجها مع المواقع الخاصة بك و إنشاء متجر على الإنترنت.,بوابات الدفع الإلكترونية
92,https://www.monshaat.gov.sa/ar/node/7198,كوارا للتمويل,شركة رائدة في الخدمات المالية المتوافقة مع أحكام الشريعة الإسلامية، تمتلك الشركة خبرة كبيرة بمجال التمويل، وتقدم العديد من الحلول التمويلية التي تلبي الإحتياجات الشخصية للأفراد، كما تلبي حاجة الشركات ورواد الأعمال لتطوير أعمالهم.,حلول تمويلية
93,https://www.monshaat.gov.sa/ar/node/7196,Vision Ventures - فيجن فنتشرز,مع Vision Ventures Capital ، يمكنك البدء في إدارة شركتك بثقة من خلال التوجيه الصحيح والموارد المالية والتسويقية اللازمة لبدء مشروعك الذي تحلم به. نضع سنوات خبرتنا التجارية الطويلة والناجحة على الطاولة لمساعدتك على دمج شركتك وتنميتها كرائد أعمال متمرس.,حلول تمويلية
94,https://www.monshaat.gov.sa/ar/node/7193,برو ميديا,"تقدم خدمات الإنتاج الإعلامي وتتميز بتخصصات فنية مثل: (التصوير المعماري، التصوير الصناعي والمؤسسي، تصوير الأطعمة، توثيق المناسبات والمؤتمرات)، كما تضم المؤسسة فريق من المصورين المتخصصين في كل قسم على حدة، وتقدم خدمات تعليمية من خلال إدارة المجموعة غير الربحية ""مجموعة مصوري الرياض"" لكافة المصورين والمصورات الفوتوغرافيين والفيديوغرافي والمعالجة والمونتاج.",التسويق الإلكتروني
95,https://www.monshaat.gov.sa/ar/node/7191,مرسول,منصة مرسول رائدة في نموذج تلبية الخدمة عند الطلب في المنطقة، من خلال إنشاء شبكة ضخمة من التعامل المباشر بين عميل إلى عميل من خلال تجربة طلب عامة قائمة على الدردشة ، مما يسمح للمستخدمين بأن يكونوا مبدعين وغير مقيدين في وصف الخدمة المطلوبة، ومنح شركات النقل خيار المزايدة بالسعر الذي يرونه مناسبًا، مما يضمن نموذجًا قابلًا للتطوير وذاتي التنظيم بالكامل,خدمات لوجستية (تعبئة وتغليف، نقل وتخزين وتوصيل)
96,https://www.monshaat.gov.sa/ar/node/7190,اس تي سي باي - STC Pay,نتشارك رؤية مستقبلية مع العملاء والشركات لتوفير تقنيات جديدة ومبتكرة وتجارب رقمية. باستخدام شبكة stc القوية، نحن قادرون على تحسين توصيل التجار مع عملائهم من خلال المحفظة الرقمية الآمنه stc pay، لتمكين كلا الجانبين من إكمال معاملاتهم بسرعة وسهولة وأمان,بوابات الدفع الإلكترونية
97,https://www.monshaat.gov.sa/ar/node/7156,مساحة,مساحة يهدف لتأجير المساحات الغير مستغلة سواء كانت منازل أو مزارع أو مستودعات، مساعدة في الدخل الإضافي باستخدام مساحتك,حلول تقنية
98,https://www.monshaat.gov.sa/ar/node/7001,معايش,مع التطور الواضح في استراتيجية التنافس بين الشركات والمؤسسات والقطاعات،  لبلوغ الأهداف وتحقيق الأرباح المالية ، جئنا في معايش للاستشارات الإدارية، ليحظى كل مشروع جديد بفرصة منافسة شركات ومنشآت سبقته في مجال العمل، ويستعيد كل مشروع  قائم توازنه بعد أن واجه تعثرات، فيتلقى باقة من الخدمات الاستشارية من فريق عمل متعدد الخبرات والمجالات يقوم بتشخيص وتحليل الاحتياج، ليقترح الحل؛ باستخدام منهجيات وأدوات حديثة ومتواكبة، يليها متابعة التنفيذ وقياس النتائج.,تنظيمية وقانونية
99,https://www.monshaat.gov.sa/ar/node/6999,Gulf Casting,وكالة Gulf Casting هي وكالة تسويق متكاملة للمواهب والثقافات تأسست في عام 2008. نحن نقدم مجموعة واسعة من خدمات المواهب مثل (العارضين والممثلين والأطفال) في مجال التلفزيون والسينما ووسائل التواصل الاجتماعي والإذاعة والإعلانات التجارية المحلية والوطنية ، المطبوعات التجارية والصوت. كما نقدم خدمات إعلامية في مجالات (كتابة النصوص ، التعريب ، الأحداث ، الإنتاج الإعلامي والمؤثرون).,التسويق الإلكتروني
100,https://www.monshaat.gov.sa/ar/node/6996,سلاسة,نُقدّم في سلاسة حلولاً جاهزة تُيسّر إنجاح مشروعك التجاري الإلكتروني، فتتخلص مما يُقلقك وتُركز على التسويق والمبيعات.نستقبل منتجاتك بسلاسة، نخزّنها بسلاسة، نشحنها بسلاسة .. وتزيد أرباحك بسلاسة!,خدمات لوجستية (تعبئة وتغليف، نقل وتخزين وتوصيل)
101,https://www.monshaat.gov.sa/ar/node/6994,كيان,كيان هي المنظومة الرقمية الاجتماعية الأولى في المملكة العربية السعودية. نقوم عبر خدماتنا بتوفير سبل التنقل الملائمة للجميع. ركائزنا الأساسية خدمة الفرد والنمو بالمجتمع. ومن واقع النمو الاقتصادي الذي تشهده مملكتنا الحبيبة بقيادة الكفاءات الشابة، نطمح أن نكون رائدين في انتشارنا بكافة الأطياف الجغرافية في الوطن العربي، متعهدين أن تكون مسؤوليتنا الاجتماعية هدفاً رئيسياً خلال عملنا.,خدمات لوجستية (تعبئة وتغليف، نقل وتخزين وتوصيل)
102,https://www.monshaat.gov.sa/ar/node/6993,شتل - shuttle,تقدم شتل حلول لوجستية متخصصة في خدمة المتاجر الإلكترونية كتوصيل طلبات المتاجر الإلكترونية عبر الخزنات الذكية بالقرب من منزلك أو مقر عملك، لتقدم لك ولعميلك تجربة فريدة وكفاءة عالية في التوصيل واستلام الطرود البريدية لمتجرك الإلكتروني,خدمات لوجستية (تعبئة وتغليف، نقل وتخزين وتوصيل)
103,https://www.monshaat.gov.sa/ar/node/6992,مخزني,"يعتبر مخزني للتخزين هو الأول من نوعه في المملكة العربية السعودية ، كما يوفر لسكان الدمام والرياض وجدة موقعًا آمنًا وبأسعار معقولة لتخزين ممتلكاتهم الشخصية والتجارية مع توفير عشرات الأحجام المختلفة للوحدات ولدينا وحدة لتلبية أي من متطلباتك للتخزين سواء عند انتقالك إلى منزل جديد أو عندما تقوم بالتجديد أو تحتاج إلى مكان ما للتخزين أو التخزين للأعمال أو أنك تحتاج ببساطة إلى مساحة إضافية في المنزل لذا يعتبر مخزني هو الحل الجديد الذي تبحث عنه. ونحن نعلم أن متعلقاتك ضرورية بالنسبة لك وهذا هو السبب في أن مرافق التخزين الخاصة بنا تتميز بتدابير وإجراءات أمنية صارمة على مدار الساعة طوال أيام الأسبوع لحماية ممتلكاتك, بالإضافة إلى ذلك ، فإنه يمكنك الوصول إلى منشأتنا الآمنة على مدار 24 ساعة حتى تتمكن من استرداد أمتعتك ليلا أو نهاراً",خدمات لوجستية (تعبئة وتغليف، نقل وتخزين وتوصيل)
104,https://www.monshaat.gov.sa/ar/node/6990,شور-sure,شور للمدفوعات شركة متخصصة في حلول أنظمة الدفع المالية التي نقدمها ونحن مزودين بخبراتنا في تطوير البرمجيات منذ عام ٢٠٠٥ عبر شركة شور العالمية للتقنية التي أنجزت خلال السنوات الماضية المئات من المشاريع التقنية التي نفخر برضى عملائنا عنها. تقدم شور للمدفوعات مجموعة متنوعة من حلول أنظمة الدفع التي تناسب مختلف الاحتياجات مثل الأنظمة الثابتة والمحمولة وأنظمة الخدمة الذاتية. بالإضافة لحلول الدفع تقدم شور للمدفوعات مجموعة من الحلول البرمجية لإدارة أجهزة الدفع ، وتقارير التسوية الآلية، والتكامل بين أجهزة الدفع والتطبيقات، بالإضافة لمراقبة الأنظمة.,بوابات الدفع الإلكترونية
105,https://www.monshaat.gov.sa/ar/node/6989,جيديا-Geidea,سواء أثناء التنقل أو في المتجر أو عبر الإنترنت ، نمنح التجار من جميع الأنواع الحرية في قضاء وقت أقل في المهام المعقدة ومزيد من الوقت مع أجزاء العمل التي يعرفونها ويحبونها. دعم نجاح الشركات الصغيرة هو جوهر ما نقوم به والابتكار هو ما يدفعنا للقيام بذلك. يسمح حل الأعمال 2 في 1 الخاص بنا للتجار بقبول جميع أنواع الدفع من الرقاقة والرقم السري إلى المحافظ الرقمية مع توفير أدوات بسيطة وفعالة لإدارة المخزون والمبيعات والطلبات عبر الإنترنت وغير ذلك الكثير ، كل ذلك من تطبيق واحد.,حلول تقنية
106,https://www.monshaat.gov.sa/ar/node/6988,تاب - tap,tap يبسط المدفوعات للشركات، يعمل فريقنا كل يوم لتوفير تجربة دفع سلسة لعملائنا ونركز على كيفية دفع الناس وهذا هو جوهر عرضنا للشركات، نحافظ على سهولة الإعداد ونقدم خدمة آمنة وقوية تتطور مع احتياجات كل شركة، يعمل فريقنا مع خبراء الدفع والمبتدئين ليلًا ونهارًا على ابتكار المدفوعات من مركزنا في الكويت لخدمة الناس في الشرق الأوسط.,بوابات الدفع الإلكترونية
107,https://www.monshaat.gov.sa/ar/node/6941,كريم,تقدم كريم حلولًا تقنية محلية لتحسين خدمات النقل والخدمات المصرفية والتجارة الإلكترونية في المنطقة، حيث تطورت من كونها مجرد شركة تقدم خدمات حجز السيارات وتوصيل الطلبات إلى واحدة من أفضل التطبيقات اليومية في المنطقة.,خدمات لوجستية (تعبئة وتغليف، نقل وتخزين وتوصيل)
108,https://www.monshaat.gov.sa/ar/node/6936,نعناع,نعناع هي أكبر منصة تسوق رقمية للبقالة في المملكة العربية السعودية.,خدمات لوجستية (تعبئة وتغليف، نقل وتخزين وتوصيل)
109,https://www.monshaat.gov.sa/ar/node/6934,fudex,يوفر Fudex EBS للباحثين عن الأتمتة حلولًا مؤتمتة محسّنة لتكنولوجيا المعلومات ، تغطي نطاقات أعمال مختلفة وتنتج أيضًا مجموعة واسعة من تطبيقات المنتجات الضخمة مثل أدوات CRM و WFM. تقديم الخدمات التي تساعد المؤسسات والشركات على زيادة الدخل والتوسع والنمو وكذلك تطوير حركة الإنتاج والمبيعات من خلال حلول التجارة الإلكترونية,حلول تقنية
110,https://www.monshaat.gov.sa/ar/node/6933,زد,زد عبارة عن تجارة إلكترونية في صندوق - حل يمكن لأي بائع تجزئة استخدامه لبدء بيع التجزئة الإلكترونية. تساعدهم شركة زد على بناء متاجرهم الإلكترونية (بأسمائهم وهويتهم الخاصة) ودمجها مع مشغلي سلسلة التوريد لتمكينهم من الإدارة وبكل سهولة. كل ذلك بتكلفة معقولة وجودة لائقة.,حلول تقنية
111,https://www.monshaat.gov.sa/ar/node/6930,سلة,منصة للتجارة الإلكترونية تتيح للمستخدمين إنشاء متاجرهم الإلكترونية لبيع منتجاتهم وخدماتهم للعملاء.,حلول تقنية
